mutation,Relative Activity
Wild Type,1
T1G,0.25
A2G,0.3
T4G,0.26
T4A,0.25
T4C,0.42
C9A,0.15
C9G,0.79
C9T,0.94
T10A,0.12
T10C,0.19
T10G,0.13
T13G,0.028
T13C,0.035
T13A,0.058
A15C,0.098
A15G,0.061
A15T,0.16
A16A,0
A16G,0
A16C,0
A16T,0
G3A,0
G3G,0
G3C,0
G3T,0
T5A,0
T5G,0
T5C,0
T5T,0
G6A,0
G6G,0
G6C,0
G6T,0
A7A,0
A7G,0
A7C,0
A7T,0
G8A,0
G8G,0
G8C,0
G8T,0
G11A,0
G11G,0
G11C,0
G11T,0
T12A,0
T12G,0
T12C,0
T12T,0
G14A,0
G14G,0
G14C,0
G14T,0
G17A,0
G17G,0
G17C,0
G17T,0
T4G T13C,0.02
T10C A15T,0.04
C9G T13A,0.046
T4G C9A,0.046
T1G T4A,0.047
C9T T13C,0.047
T1G T4G,0.051
T4G T10C,0.051
T4G A15T,0.054
T13A A15G,0.056
T4C T10A,0.056
A2G T10C,0.058
A2G C9A,0.06
T4C T10G,0.06
C9T T10A,0.061
T1G A15T,0.061
T1G T10C,0.063
C9G T10G,0.065
T13C A15G,0.067
A2G A15T,0.068
T4A A15T,0.068
A2G T4G,0.068
T4C T10C,0.068
T4G A15G,0.07
C9A A15C,0.072
A2G T4A,0.081
T1G T4C,0.093
T1G A2G,0.095
A2G A15G,0.096
C9A A15T,0.1
T10A A15G,0.102
T10G A15G,0.105
C9T A15C,0.111
T4C A15T,0.121
T4G C9T,0.125
C9G A15C,0.128
C9T T10C,0.137
C9T T10G,0.142
T4A A15G,0.149
A2G T4C,0.154
C9T A15T,0.158
T4A C9G,0.161
T4G C9G,0.165
C9G A15T,0.167
T1G C9G,0.168
T1G A15G,0.179
T10C A15G,0.189
T4A C9T,0.195
T1G C9T,0.204
A2G C9G,0.209
A2G C9T,0.237
T4C C9G,0.3
T4C A15G,0.33
C9A A15G,0.367
T4C C9T,0.525
C9T A15G,0.532
C9G A15G,0.556
T1G T4C A15T,0.044
A2G C9T A15T,0.067
T4C C9T T10G,0.072
A2G T4C A15G,0.072
T1G A2G C9T,0.074
T4C C9A A15T,0.077
T1G C9A A15G,0.079
A2G C9T A15G,0.081
T4A C9A A15G,0.084
C9T T13C A15G,0.086
C9T T10G A15G,0.095
A2G T4C C9G,0.1
T4C T10C A15G,0.104
T1G T4C A15G,0.104
T4A C9T A15G,0.107
T4C C9T A15T,0.109
T1G C9G A15G,0.111
T1G T4C C9T,0.114
T4C C9G A15T,0.123
C9T T10C A15G,0.139
T4A C9G A15G,0.139
A2G T4C C9T,0.144
T1G C9T A15G,0.153
T4C C9A A15G,0.214
T4C C9T A15G,0.282
T4C C9G A15G,0.333
A2G T4A C9G A15G,0.018
A2G T4A C9T A15G,0.021
A2G C9T T10C A15G,0.028
T1G T4C C9G A15T,0.028
T4C C9G T10G A15G,0.028
T4C C9A T10G A15G,0.028
T1G A2G T4C A15G,0.03
T1G C9T T10C A15G,0.032
A2G T4C C9G A15T,0.032
A2G T4C C9A A15T,0.032
T1G T4A C9T A15G,0.033
T1G T4C T10C A15G,0.033
T4C C9G T10C A15G,0.033
T4C C9G T13C A15G,0.033
T4C C9T T13A A15G,0.033
T1G A2G C9T A15G,0.033
T4C C9G T13A A15G,0.035
T4A C9T T10C A15G,0.037
T4C C9T T10A A15G,0.039
A2G T4C C9T A15T,0.042
T1G A2G T4C C9T,0.044
A2G T4C C9A A15G,0.049
T4C C9T T10G A15G,0.056
A2G T4C C9T A15G,0.058
A2G T4C C9G A15G,0.06
T1G T4C C9A A15G,0.061
T4C C9T T10C A15G,0.075
T1G T4C C9G A15G,0.077
T1G T4C C9T A15G,0.082
T1G A2G T4C C9G A15T,0.004
T1G T4C C9T T10G A15G,0.007
A2G T4A C9T T10C A15G,0.007
A2G T4C C9T T10C A15T,0.011
T1G A2G T4C C9G A15G,0.011
T1G T4C C9T T10C A15T,0.011
T1G A2G T4A C9A 15G,0.011
T1G A2G T4A C9T A15G,0.012
A2G T4C C9T T10G A15G,0.014
T1G A2G T4C C9T A15T,0.016
T1G A2G T4C C9A A15G,0.021
A2G T4C C9T T13C A15G,0.021
A2G T4C C9A T10G A15G,0.021
T1G A2G T4C C9T A15G,0.023
T1G T4C C9T T10C A15G,0.025
A2G T4C C9T T10C A15G,0.025
T1G A2G T4C C9A A15T,0.026
